,Brand,Model,Selling Platform,Rating,Refresh Rate (Hz),Price (USD),Rating
0,OnePlus,Narzo Edge 16,Best Buy,3.5,165,1286.64,3.5
1,Sony,Pixel Max 24,eBay,4.6,90,728.52,4.6
2,Samsung,Reno Plus 23,Official Store,3.4,60,1086.68,3.4
3,Apple,Redmi Note Mini 16,Official Store,3.5,120,1158.78,3.5
4,Vivo,P Series Edge 13,Reliance Digital,4.9,165,1656.05,4.9
5,Vivo,P Series 5G 19,Best Buy,4.4,165,390.46,4.4
6,Sony,Galaxy S Ultra 22,Best Buy,3.2,120,1172.46,3.2
7,Apple,Reno Pro 20,Amazon,3.3,165,1770.77,3.3
8,Nokia,Xperia Ultra 19,Amazon,3.7,90,492.29,3.7
9,Realme,P Series Mini 19,eBay,4.2,144,730.09,4.2
10,Vivo,Redmi Note Max 16,Flipkart,4.3,144,268.58,4.3
11,Nokia,V Series Lite 20,Walmart,4.1,165,391.77,4.1
12,Xiaomi,Pixel Ultra 10,Flipkart,4.3,144,748.54,4.3
13,Google,Mate Pro 19,AliExpress,4.7,120,1640.5,4.7
14,Apple,Redmi Note 5G 11,Official Store,3.8,144,1913.91,3.8
15,Google,Pixel 5G 14,AliExpress,3.0,60,886.08,3.0
16,Motorola,Redmi Note Lite 14,Flipkart,3.8,60,581.44,3.8
17,Sony,Pixel Plus 18,Official Store,3.1,144,1414.63,3.1
18,Xiaomi,iPhone Pro 23,Reliance Digital,4.9,60,1101.51,4.9
19,Realme,Pixel Ultra 18,Reliance Digital,4.1,90,185.01,4.1
20,Huawei,Mate 5G 11,Best Buy,4.4,120,797.35,4.4
21,Samsung,Galaxy S Mini 11,eBay,3.2,144,558.68,3.2
22,Xiaomi,Moto G SE 12,Official Store,4.7,165,778.17,4.7
23,Nokia,Reno Ultra 16,Best Buy,4.5,165,1825.52,4.5
24,OnePlus,V Series SE 16,eBay,3.1,165,1653.37,3.1
25,Vivo,Mate Plus 15,Flipkart,4.1,120,487.23,4.1
26,Google,Narzo Edge 12,Walmart,3.7,165,317.76,3.7
27,Sony,Narzo SE 13,AliExpress,3.4,144,927.02,3.4
28,Apple,Redmi Note SE 10,AliExpress,4.6,90,654.33,4.6
29,Xiaomi,P Series Mini 21,AliExpress,4.0,120,1314.08,4.0
30,Sony,Reno Pro 25,Best Buy,3.6,144,1083.16,3.6
31,Samsung,V Series Max 20,eBay,3.6,90,416.02,3.6
32,Xiaomi,Pixel Mini 15,Flipkart,3.3,60,387.24,3.3
33,Vivo,Redmi Note Mini 21,Amazon,3.6,120,1920.96,3.6
34,Apple,Narzo Lite 11,Official Store,3.7,90,478.34,3.7
35,Nokia,Nord Ultra 12,Walmart,4.1,144,1635.89,4.1
36,Sony,Redmi Note Ultra 10,Walmart,3.3,165,1228.51,3.3
37,Apple,Pixel Turbo 24,Walmart,3.0,90,1133.07,3.0
38,Motorola,Mate SE 14,AliExpress,3.3,90,1044.34,3.3
39,Sony,Moto G Mini 24,Reliance Digital,4.2,90,1082.71,4.2
40,Xiaomi,Pixel Max 23,Best Buy,4.1,60,1493.94,4.1
41,Oppo,Xperia Lite 18,eBay,3.6,60,374.88,3.6
42,Huawei,V Series Pro 23,eBay,3.2,60,1167.08,3.2
43,Vivo,iPhone Mini 25,eBay,4.6,165,1796.07,4.6
44,Samsung,Xperia Edge 17,Walmart,3.3,144,173.42,3.3
45,Sony,Xperia Max 25,eBay,4.8,120,1202.67,4.8
46,OnePlus,Pixel Lite 14,AliExpress,4.8,120,1313.92,4.8
47,Xiaomi,Galaxy S Lite 21,Walmart,4.7,120,1211.09,4.7
48,Vivo,P Series Pro 23,Official Store,4.8,60,1553.44,4.8
49,Huawei,iPhone Max 25,Official Store,3.6,60,1855.7,3.6
50,Motorola,Pixel Plus 11,Amazon,4.1,120,852.84,4.1
51,Oppo,Mate Ultra 25,Reliance Digital,4.1,120,1887.01,4.1
52,Sony,Reno Pro 13,Walmart,4.8,165,1873.9,4.8
53,Samsung,Redmi Note 5G 20,Walmart,4.2,60,1871.97,4.2
54,Sony,Nord Ultra 24,AliExpress,3.5,90,1530.19,3.5
55,Huawei,Narzo Edge 14,Flipkart,4.4,90,1665.95,4.4
56,Google,Moto G Lite 18,Amazon,3.7,165,916.99,3.7
57,Nokia,Moto G Lite 20,Flipkart,4.9,165,452.58,4.9
58,Huawei,Mate Turbo 20,eBay,4.1,60,836.61,4.1
59,Apple,Nord Edge 25,Flipkart,4.6,60,1031.37,4.6
60,Xiaomi,Nord Lite 18,eBay,3.6,60,1519.29,3.6
61,OnePlus,Moto G 5G 25,Flipkart,3.7,60,598.71,3.7
62,Nokia,Reno SE 22,AliExpress,5.0,144,505.55,5.0
63,Samsung,Reno Turbo 12,eBay,3.9,144,697.14,3.9
64,Apple,Nord Plus 18,AliExpress,4.0,144,496.04,4.0
65,Apple,Reno 5G 18,AliExpress,3.5,144,313.87,3.5
66,Nokia,Xperia Lite 18,Amazon,4.6,90,1226.04,4.6
67,Apple,Redmi Note Max 23,Reliance Digital,3.5,144,1378.52,3.5
68,Realme,Mate Turbo 24,Flipkart,4.7,165,1319.81,4.7
69,Apple,P Series Mini 25,Walmart,4.7,120,1670.75,4.7
70,Google,P Series Lite 23,Amazon,3.9,165,1176.92,3.9
71,Xiaomi,Galaxy S Plus 15,Flipkart,4.5,144,864.69,4.5
72,Motorola,Redmi Note SE 24,Reliance Digital,4.6,120,1511.65,4.6
73,Oppo,Galaxy S SE 10,eBay,3.9,165,1070.43,3.9
74,Xiaomi,Mate Mini 11,Amazon,3.7,60,1580.76,3.7
75,OnePlus,iPhone Mini 15,Reliance Digital,4.3,165,1873.06,4.3
76,Oppo,Nord Ultra 14,Reliance Digital,4.8,165,304.41,4.8
77,Samsung,iPhone Pro 14,eBay,4.5,165,1279.05,4.5
78,Google,Mate Mini 19,Reliance Digital,4.4,144,160.34,4.4
79,Xiaomi,Reno SE 21,AliExpress,4.8,120,1361.32,4.8
80,Realme,Galaxy S Lite 25,AliExpress,4.4,90,1746.33,4.4
81,Xiaomi,Mate Plus 17,Flipkart,3.8,144,1997.29,3.8
82,OnePlus,V Series SE 19,Official Store,3.3,144,513.13,3.3
83,Xiaomi,Reno 5G 19,Flipkart,3.9,165,968.21,3.9
84,Realme,Reno Mini 25,eBay,4.1,144,370.53,4.1
85,Apple,Pixel Plus 14,Flipkart,4.5,165,1439.69,4.5
86,OnePlus,Xperia Lite 17,Official Store,3.4,90,1618.54,3.4
87,Apple,Redmi Note Mini 11,Amazon,4.3,144,1583.7,4.3
88,Apple,Reno Pro 25,Best Buy,3.5,120,1241.34,3.5
89,Realme,Nord Mini 21,Official Store,3.6,60,452.05,3.6
90,Nokia,Narzo 5G 13,AliExpress,4.2,60,675.37,4.2
91,Motorola,Galaxy S Pro 13,Reliance Digital,3.3,165,905.84,3.3
92,Samsung,Mate Plus 22,Amazon,4.4,90,281.01,4.4
93,Apple,Mate Ultra 11,Flipkart,3.5,120,168.83,3.5
94,Nokia,Xperia Mini 13,Reliance Digital,3.9,90,258.74,3.9
95,Vivo,Nord Mini 14,Reliance Digital,4.1,60,817.78,4.1
96,Nokia,Redmi Note Lite 22,Best Buy,3.9,60,1833.86,3.9
97,Realme,Galaxy S SE 20,eBay,3.6,120,1584.31,3.6
98,Huawei,Galaxy S Turbo 24,Walmart,4.3,60,1797.36,4.3
99,Nokia,Xperia Max 15,Flipkart,4.7,120,943.42,4.7
100,Oppo,Pixel Plus 18,Reliance Digital,3.5,60,1016.64,3.5
101,Sony,Redmi Note Edge 17,Walmart,4.5,60,199.39,4.5
102,Nokia,Pixel Turbo 19,Amazon,4.1,120,205.12,4.1
103,Realme,Nord Edge 11,eBay,3.8,60,1947.56,3.8
104,Huawei,Pixel Turbo 12,Amazon,3.8,120,703.84,3.8
105,Nokia,Moto G Plus 16,Amazon,4.7,144,965.51,4.7
106,Xiaomi,Mate 5G 20,Reliance Digital,3.8,90,1341.02,3.8
107,Google,Reno Mini 21,Walmart,3.4,60,604.13,3.4
108,Vivo,iPhone Pro 11,Walmart,3.5,120,1629.14,3.5
109,Motorola,iPhone SE 14,AliExpress,3.1,165,177.3,3.1
110,Nokia,Narzo SE 15,Official Store,3.9,120,800.5,3.9
111,Xiaomi,Reno Edge 17,Amazon,4.0,120,393.91,4.0
112,Nokia,V Series Turbo 23,Walmart,3.7,144,244.95,3.7
113,OnePlus,V Series Plus 17,Best Buy,4.8,120,208.38,4.8
114,Motorola,Galaxy S Max 11,Amazon,4.0,60,973.02,4.0
115,OnePlus,Mate Edge 12,Best Buy,3.3,60,757.37,3.3
116,Realme,Pixel Max 25,AliExpress,3.8,144,1366.6,3.8
117,Nokia,Galaxy S Max 22,Official Store,4.9,144,1669.78,4.9
118,Realme,Pixel Plus 17,Reliance Digital,3.7,90,235.83,3.7
119,Motorola,Narzo Plus 12,Reliance Digital,3.1,120,1241.63,3.1
120,Vivo,Xperia Pro 18,Best Buy,4.7,144,1370.53,4.7
121,Realme,Reno Max 19,AliExpress,4.9,90,808.01,4.9
122,Vivo,V Series Turbo 10,Best Buy,3.1,120,638.44,3.1
123,Huawei,Moto G Ultra 25,Official Store,3.8,144,1507.33,3.8
124,Huawei,Xperia Pro 25,Reliance Digital,3.4,90,310.32,3.4
125,Samsung,P Series Turbo 17,Reliance Digital,4.2,120,1875.91,4.2
126,OnePlus,V Series SE 13,eBay,4.2,165,511.75,4.2
127,OnePlus,Reno Max 14,Walmart,3.5,144,1826.2,3.5
128,Samsung,Pixel 5G 14,Flipkart,4.0,120,1710.58,4.0
129,Xiaomi,Narzo Max 15,Official Store,4.5,120,1787.41,4.5
130,Sony,Xperia Lite 12,Best Buy,4.7,144,717.74,4.7
131,Nokia,Redmi Note Lite 24,eBay,4.4,90,1674.28,4.4
132,Samsung,Pixel SE 17,AliExpress,3.5,120,426.5,3.5
133,Apple,Mate Ultra 18,Reliance Digital,4.8,120,532.12,4.8
134,Xiaomi,Nord 5G 16,Walmart,3.3,120,1521.57,3.3
135,Nokia,iPhone Max 15,Best Buy,3.7,120,345.48,3.7
136,Huawei,V Series 5G 14,Official Store,3.9,90,389.71,3.9
137,Samsung,Narzo Turbo 25,Best Buy,3.7,60,1209.77,3.7
138,Samsung,Pixel Lite 12,Amazon,4.1,144,1983.75,4.1
139,Realme,Redmi Note Turbo 19,Reliance Digital,3.2,144,211.38,3.2
140,Xiaomi,Reno Ultra 10,Best Buy,3.9,90,1667.89,3.9
141,Huawei,Nord Pro 16,Flipkart,3.3,144,1463.59,3.3
142,OnePlus,Redmi Note Turbo 23,Flipkart,4.4,165,585.12,4.4
143,Motorola,V Series Max 11,eBay,3.1,144,1589.14,3.1
144,Realme,Reno Mini 13,Walmart,3.8,60,639.01,3.8
145,Realme,iPhone Lite 22,Best Buy,4.4,165,1473.58,4.4
146,Xiaomi,Xperia Lite 16,Walmart,3.8,165,1310.35,3.8
147,Realme,iPhone Turbo 21,AliExpress,4.6,60,1797.97,4.6
148,Oppo,iPhone SE 25,Reliance Digital,4.4,60,1985.54,4.4
149,Huawei,Mate Max 20,Walmart,3.5,120,1731.03,3.5
150,Apple,Redmi Note Max 19,eBay,4.4,165,249.07,4.4
151,Oppo,Nord Ultra 23,Flipkart,3.7,60,1476.59,3.7
152,Realme,Nord Pro 25,Official Store,4.1,60,1337.34,4.1
153,Google,Galaxy S Mini 19,Walmart,4.7,120,518.6,4.7
154,Apple,Nord Max 19,eBay,4.5,165,1121.85,4.5
155,Realme,Nord SE 24,AliExpress,4.3,60,1527.62,4.3
156,Sony,Mate Edge 18,Best Buy,3.2,120,1834.74,3.2
157,Huawei,iPhone Edge 24,Official Store,4.4,120,1779.08,4.4
158,Motorola,iPhone Ultra 22,Official Store,3.6,90,262.12,3.6
159,Xiaomi,P Series Ultra 15,Walmart,3.2,165,1869.95,3.2
160,Apple,V Series SE 16,AliExpress,3.6,60,906.87,3.6
161,Vivo,Reno Max 21,Flipkart,4.9,165,471.71,4.9
162,Oppo,Mate Ultra 25,AliExpress,3.7,165,964.0,3.7
163,Apple,Galaxy S Ultra 11,Walmart,3.5,90,710.19,3.5
164,Nokia,Moto G 5G 17,Flipkart,4.5,120,582.86,4.5
165,Oppo,Xperia Lite 15,Flipkart,4.0,165,1079.84,4.0
166,Apple,V Series 5G 12,Walmart,4.3,120,1751.29,4.3
167,Realme,Redmi Note SE 11,Flipkart,3.3,90,905.83,3.3
168,OnePlus,Redmi Note Plus 21,Walmart,3.9,165,1996.83,3.9
169,Oppo,iPhone Turbo 13,Best Buy,3.1,60,1387.59,3.1
170,Motorola,Moto G 5G 18,eBay,3.6,165,1779.24,3.6
171,Sony,iPhone Edge 23,Walmart,3.7,60,722.16,3.7
172,Realme,Galaxy S Turbo 15,eBay,4.2,165,1413.31,4.2
173,Xiaomi,Redmi Note Mini 25,Official Store,3.3,60,848.09,3.3
174,Huawei,Xperia Pro 24,Official Store,3.1,144,1628.15,3.1
175,Google,P Series Turbo 13,AliExpress,4.3,120,1548.42,4.3
176,Google,Galaxy S SE 16,Reliance Digital,5.0,90,1615.1,5.0
177,OnePlus,iPhone Turbo 17,Walmart,3.6,90,1841.88,3.6
178,Motorola,Xperia Pro 18,Flipkart,4.2,144,212.23,4.2
179,Xiaomi,Reno 5G 17,Walmart,3.9,120,1791.43,3.9
180,Apple,Narzo Mini 15,Official Store,4.9,60,320.06,4.9
181,Samsung,Nord SE 15,AliExpress,3.3,165,1064.69,3.3
182,Nokia,iPhone Mini 22,Official Store,4.1,165,566.39,4.1
183,Realme,Nord Turbo 15,Reliance Digital,3.9,120,394.98,3.9
184,Sony,Pixel Ultra 22,Reliance Digital,4.8,120,743.86,4.8
185,Huawei,Redmi Note Lite 21,Official Store,4.4,60,478.4,4.4
186,Samsung,Reno Lite 10,Flipkart,3.3,165,1114.83,3.3
187,Google,Nord Turbo 17,eBay,4.5,90,219.81,4.5
188,Apple,P Series SE 11,Reliance Digital,4.4,120,1556.26,4.4
189,Sony,Xperia Mini 17,Best Buy,4.0,144,859.12,4.0
190,OnePlus,Galaxy S 5G 15,Official Store,4.8,165,966.88,4.8
191,Vivo,P Series Plus 10,eBay,4.4,60,1432.15,4.4
192,OnePlus,Redmi Note Max 14,Best Buy,3.2,165,555.27,3.2
193,Apple,Mate Max 18,eBay,3.3,144,151.93,3.3
194,Vivo,Moto G Plus 11,Flipkart,3.3,60,843.73,3.3
195,Realme,Mate 5G 10,AliExpress,4.0,120,946.6,4.0
196,Xiaomi,iPhone Pro 14,Best Buy,3.6,90,1908.01,3.6
197,Motorola,Narzo Edge 16,Walmart,4.9,60,455.93,4.9
198,Oppo,Mate Turbo 10,eBay,4.2,165,849.31,4.2
199,Motorola,Reno SE 23,Official Store,4.2,60,1130.38,4.2
200,Vivo,Nord Plus 19,Amazon,5.0,60,1590.65,5.0
201,Nokia,Pixel Plus 23,eBay,4.3,60,688.72,4.3
202,Nokia,Pixel Edge 22,AliExpress,4.5,120,1806.71,4.5
203,Google,Mate Ultra 16,Walmart,5.0,60,673.28,5.0
204,Oppo,iPhone Ultra 21,Official Store,4.4,60,1333.25,4.4
205,Samsung,Moto G Ultra 25,Amazon,3.6,90,763.76,3.6
206,Motorola,Pixel Turbo 11,Best Buy,4.4,144,298.99,4.4
207,Google,Xperia Pro 11,Official Store,4.4,120,1785.19,4.4
208,Sony,Galaxy S Plus 17,Amazon,4.0,165,1235.11,4.0
209,Sony,Narzo Ultra 24,AliExpress,3.1,60,243.52,3.1
210,Samsung,Reno Plus 22,Flipkart,3.2,165,1044.28,3.2
211,Sony,Xperia Pro 16,Reliance Digital,3.4,144,979.45,3.4
212,Huawei,Nord Ultra 12,Official Store,3.1,144,1380.71,3.1
213,Oppo,Redmi Note Edge 13,Walmart,3.8,120,374.51,3.8
214,Oppo,P Series Pro 17,Amazon,3.0,60,1494.81,3.0
215,Nokia,V Series Lite 12,Official Store,3.3,165,1884.59,3.3
216,Sony,Redmi Note Turbo 24,eBay,3.9,144,760.09,3.9
217,Motorola,Galaxy S Plus 11,Walmart,3.8,120,971.53,3.8
218,Sony,Reno Plus 11,eBay,3.4,120,1566.69,3.4
219,Realme,Mate Pro 21,Official Store,3.6,90,202.14,3.6
220,Sony,Pixel Edge 13,Official Store,3.7,165,1000.59,3.7
221,Samsung,Xperia Max 23,Flipkart,3.1,144,433.94,3.1
222,Xiaomi,P Series Turbo 24,AliExpress,3.5,90,301.95,3.5
223,Realme,Nord Edge 20,Official Store,3.0,165,1091.54,3.0
224,Sony,Nord Ultra 12,Walmart,4.2,120,691.64,4.2
225,Oppo,Pixel Edge 11,Official Store,3.5,90,502.28,3.5
226,Xiaomi,Pixel Mini 24,Walmart,4.4,120,901.6,4.4
227,Oppo,Reno Lite 24,AliExpress,4.5,90,534.11,4.5
228,Realme,Galaxy S Mini 25,Amazon,3.4,120,1428.96,3.4
229,Samsung,iPhone Lite 23,Official Store,4.1,120,951.01,4.1
230,Apple,Pixel 5G 12,eBay,4.8,144,1746.24,4.8
231,Samsung,Nord SE 20,eBay,4.7,90,537.59,4.7
232,Sony,V Series Plus 25,Best Buy,4.3,90,1138.5,4.3
233,OnePlus,Mate Edge 23,Official Store,4.8,144,723.93,4.8
234,Huawei,iPhone Max 19,Reliance Digital,4.6,165,1399.63,4.6
235,Oppo,V Series Edge 20,eBay,3.1,120,506.62,3.1
236,Apple,Pixel SE 20,Amazon,4.3,144,1221.72,4.3
237,Sony,Reno Turbo 24,AliExpress,3.7,60,1932.23,3.7
238,OnePlus,Redmi Note Lite 12,Walmart,4.4,90,450.99,4.4
239,OnePlus,Redmi Note Turbo 23,Best Buy,4.6,144,1236.31,4.6
240,Nokia,Redmi Note Ultra 10,Official Store,3.7,144,670.02,3.7
241,Realme,Nord Lite 14,Amazon,4.1,165,1918.77,4.1
242,Motorola,Narzo Edge 17,Amazon,4.0,60,249.54,4.0
243,Samsung,iPhone Mini 11,Official Store,4.2,120,1273.55,4.2
244,Samsung,iPhone Edge 24,Walmart,4.0,60,1034.98,4.0
245,Google,P Series Plus 16,eBay,3.6,165,1555.0,3.6
246,Apple,Moto G Lite 14,Walmart,3.0,144,1941.21,3.0
247,Vivo,Galaxy S Lite 19,AliExpress,4.9,165,1437.85,4.9
248,OnePlus,Narzo 5G 23,Official Store,3.6,90,1235.13,3.6
249,Huawei,iPhone Mini 23,Reliance Digital,4.3,120,1335.3,4.3
250,Sony,Xperia Plus 11,Amazon,3.4,60,1229.16,3.4
251,Nokia,Galaxy S Ultra 14,AliExpress,4.8,144,979.11,4.8
252,Google,V Series Lite 21,Reliance Digital,4.4,144,226.01,4.4
253,Apple,Reno Max 19,Reliance Digital,4.0,90,1548.26,4.0
254,Realme,Redmi Note SE 18,Official Store,4.6,165,659.8,4.6
255,OnePlus,Mate Plus 14,Best Buy,3.5,120,1030.14,3.5
256,Motorola,P Series Lite 23,Official Store,3.8,60,1813.08,3.8
257,Realme,Nord 5G 11,Flipkart,3.3,120,680.8,3.3
258,Huawei,Moto G Mini 12,Reliance Digital,4.2,90,788.87,4.2
259,Apple,V Series SE 10,Official Store,3.2,144,1897.83,3.2
260,Vivo,iPhone Edge 11,Amazon,4.3,165,1340.93,4.3
261,Vivo,Moto G SE 15,Best Buy,4.5,144,1864.83,4.5
262,Samsung,iPhone Turbo 12,Walmart,4.5,144,1634.5,4.5
263,Samsung,Moto G 5G 17,AliExpress,3.9,120,1509.89,3.9
264,Motorola,V Series Pro 11,eBay,4.8,60,1263.64,4.8
265,Motorola,Narzo Edge 21,eBay,3.2,165,628.32,3.2
266,Huawei,Narzo Pro 22,Amazon,4.6,144,1076.49,4.6
267,Realme,Narzo Edge 10,Reliance Digital,4.7,165,569.35,4.7
268,Google,Mate Ultra 11,AliExpress,3.8,90,1115.1,3.8
269,Vivo,Reno Lite 10,Best Buy,3.5,90,1415.18,3.5
270,Apple,Pixel Lite 17,Best Buy,3.8,120,1009.62,3.8
271,Motorola,Mate Lite 11,Best Buy,4.1,90,1649.94,4.1
272,Oppo,Pixel Pro 19,Best Buy,3.0,90,1241.45,3.0
273,Oppo,Pixel Plus 23,Walmart,4.4,144,769.28,4.4
274,Oppo,Redmi Note Edge 17,Reliance Digital,3.6,90,975.68,3.6
275,Motorola,Pixel SE 15,Best Buy,4.5,144,342.94,4.5
276,Samsung,Nord Max 12,Walmart,4.8,60,918.96,4.8
277,Vivo,Redmi Note Ultra 22,Amazon,4.9,60,1394.84,4.9
278,Samsung,P Series Max 16,Official Store,4.4,60,1811.13,4.4
279,Google,Mate Edge 11,Flipkart,4.5,120,1823.98,4.5
280,Vivo,Galaxy S Edge 13,Best Buy,3.9,165,1747.67,3.9
281,Oppo,Reno SE 15,AliExpress,4.0,165,1742.83,4.0
282,Nokia,Nord SE 13,eBay,4.3,165,1413.7,4.3
283,Oppo,Reno 5G 18,AliExpress,3.9,120,1727.13,3.9
284,Apple,Mate 5G 14,Reliance Digital,3.0,144,1619.99,3.0
285,Xiaomi,Galaxy S Plus 21,Reliance Digital,4.9,60,1078.4,4.9
286,Realme,P Series Pro 18,Amazon,3.7,165,668.57,3.7
287,Samsung,P Series 5G 17,Amazon,4.2,144,560.87,4.2
288,Realme,Moto G Turbo 23,Reliance Digital,3.4,165,639.41,3.4
289,Realme,Xperia Pro 17,AliExpress,3.3,60,1319.91,3.3
290,Oppo,V Series Turbo 22,Official Store,4.6,144,1593.93,4.6
291,Huawei,Galaxy S Lite 19,Flipkart,3.2,120,510.87,3.2
292,Motorola,Pixel SE 20,Best Buy,4.9,60,1169.34,4.9
293,Samsung,Narzo Pro 23,Reliance Digital,4.8,144,1233.69,4.8
294,Realme,Narzo SE 10,Reliance Digital,3.5,60,973.77,3.5
295,Oppo,Pixel Lite 24,Amazon,3.8,60,1779.82,3.8
296,Google,Mate Plus 23,Amazon,3.9,90,1585.23,3.9
297,Apple,iPhone Max 20,eBay,3.4,90,1681.54,3.4
298,Samsung,iPhone Mini 25,Walmart,3.9,144,852.32,3.9
299,Oppo,Reno Mini 11,eBay,3.1,60,1920.15,3.1
300,Oppo,Redmi Note 5G 20,Best Buy,4.9,165,228.39,4.9
301,Nokia,Redmi Note Edge 10,Official Store,3.5,60,1162.26,3.5
302,Apple,Moto G Mini 15,Amazon,3.2,120,654.86,3.2
303,Realme,Xperia Pro 23,Amazon,4.8,120,445.81,4.8
304,OnePlus,Pixel Lite 19,Amazon,3.2,144,1335.99,3.2
305,Apple,Mate Mini 13,Amazon,3.6,144,414.7,3.6
306,Oppo,iPhone Edge 16,Amazon,3.7,90,1266.92,3.7
307,Realme,Mate Plus 12,Flipkart,3.2,120,1895.0,3.2
308,Motorola,P Series Ultra 19,eBay,3.9,60,1343.11,3.9
309,Oppo,Reno 5G 25,Best Buy,3.4,60,383.33,3.4
310,Huawei,Pixel Ultra 24,AliExpress,4.3,60,1042.22,4.3
311,Xiaomi,Redmi Note Lite 21,Flipkart,4.8,165,1353.12,4.8
312,Samsung,Nord SE 15,Walmart,3.8,165,312.55,3.8
313,Nokia,Nord Lite 20,AliExpress,4.9,120,591.36,4.9
314,Huawei,Moto G Plus 10,AliExpress,3.8,60,401.09,3.8
315,Vivo,Redmi Note Turbo 21,Amazon,3.7,144,374.7,3.7
316,Huawei,Pixel Plus 10,Reliance Digital,4.5,144,1249.3,4.5
317,OnePlus,Pixel Max 24,Official Store,3.9,144,1549.29,3.9
318,Nokia,iPhone 5G 10,Amazon,3.6,165,627.72,3.6
319,Samsung,Nord Edge 20,Amazon,4.3,90,395.89,4.3
320,Realme,Moto G Edge 25,Reliance Digital,3.2,60,1309.44,3.2
321,Realme,Pixel Ultra 10,AliExpress,3.6,120,1409.02,3.6
322,Motorola,V Series Plus 12,Amazon,4.5,90,559.32,4.5
323,Realme,Pixel SE 23,eBay,4.0,165,1221.12,4.0
324,Xiaomi,Reno Plus 16,Flipkart,3.5,165,1476.01,3.5
325,Realme,iPhone Ultra 11,Flipkart,4.7,144,1350.47,4.7
326,Samsung,P Series SE 11,Reliance Digital,3.5,60,867.39,3.5
327,Motorola,Xperia Ultra 20,Amazon,4.6,90,530.42,4.6
328,Sony,Redmi Note 5G 17,Best Buy,3.9,165,1992.72,3.9
329,Google,iPhone Plus 21,Flipkart,4.1,120,1781.66,4.1
330,Xiaomi,Nord Max 20,Official Store,3.1,165,406.51,3.1
331,Nokia,P Series Mini 10,Walmart,4.2,90,1843.01,4.2
332,Samsung,V Series Turbo 22,Reliance Digital,4.9,165,190.18,4.9
333,OnePlus,Pixel Lite 20,eBay,4.8,165,1192.65,4.8
334,Huawei,Reno Mini 23,eBay,4.6,60,538.57,4.6
335,Realme,Moto G SE 18,Amazon,4.7,120,1081.13,4.7
336,Oppo,Reno Ultra 14,eBay,3.5,60,413.1,3.5
337,Apple,V Series Max 19,Best Buy,3.9,144,1008.07,3.9
338,Realme,P Series Edge 15,Reliance Digital,4.8,165,1284.75,4.8
339,Apple,Nord Plus 14,Best Buy,4.1,120,1455.18,4.1
340,Oppo,iPhone Mini 15,Amazon,4.0,165,1272.34,4.0
341,Xiaomi,Redmi Note Pro 14,Amazon,3.1,165,283.37,3.1
342,Apple,P Series Mini 12,Flipkart,3.9,165,1409.47,3.9
343,Huawei,Narzo Lite 17,AliExpress,4.2,90,1596.56,4.2
344,Huawei,iPhone Turbo 10,Official Store,3.6,60,1359.17,3.6
345,Sony,Moto G 5G 12,eBay,3.7,120,1803.74,3.7
346,Huawei,Xperia Pro 15,Walmart,4.1,120,735.79,4.1
347,Realme,Narzo SE 16,Walmart,4.7,120,704.08,4.7
348,OnePlus,Narzo Edge 22,eBay,5.0,165,1830.26,5.0
349,Vivo,Xperia Turbo 21,Best Buy,4.5,144,752.72,4.5
350,Nokia,Narzo Pro 17,Amazon,5.0,120,567.06,5.0
351,Nokia,Narzo 5G 11,Official Store,3.9,90,667.3,3.9
352,Google,Mate Turbo 23,Reliance Digital,3.0,144,1791.22,3.0
353,Motorola,Moto G Plus 12,eBay,3.2,165,1726.48,3.2
354,Huawei,Reno Mini 25,Best Buy,4.5,165,1938.62,4.5
355,Google,Xperia Max 15,Amazon,3.8,120,1747.77,3.8
356,Apple,Redmi Note Ultra 18,Amazon,4.0,90,1242.47,4.0
357,OnePlus,Reno Turbo 17,Official Store,3.8,90,640.68,3.8
358,Vivo,Reno Lite 10,Amazon,3.2,144,1479.52,3.2
359,Huawei,iPhone Lite 14,Reliance Digital,3.2,90,1112.81,3.2
360,Huawei,Pixel Turbo 23,Walmart,4.3,144,1628.8,4.3
361,Xiaomi,Redmi Note Ultra 11,Best Buy,3.0,90,671.57,3.0
362,Vivo,Reno Pro 11,Official Store,4.8,165,1198.51,4.8
363,Motorola,Narzo Lite 20,AliExpress,4.1,90,1745.97,4.1
364,Vivo,Xperia Pro 22,Reliance Digital,3.5,144,1788.6,3.5
365,Samsung,Nord Pro 15,Walmart,3.2,60,1947.18,3.2
366,Sony,Galaxy S Ultra 13,Reliance Digital,3.1,144,1424.09,3.1
367,Samsung,Reno Mini 14,Walmart,4.0,90,1885.34,4.0
368,Oppo,iPhone 5G 12,Flipkart,4.9,120,1483.92,4.9
369,Motorola,V Series Plus 11,AliExpress,4.0,60,1044.95,4.0
370,Oppo,Redmi Note 5G 20,AliExpress,3.2,165,1083.26,3.2
371,OnePlus,Xperia Plus 14,Flipkart,3.4,144,1351.85,3.4
372,Oppo,Nord Turbo 24,Flipkart,3.1,90,258.55,3.1
373,Oppo,Redmi Note Pro 13,Reliance Digital,3.7,120,440.49,3.7
374,Samsung,Narzo Edge 23,Walmart,4.6,120,1605.08,4.6
375,Nokia,Reno Edge 25,Best Buy,3.3,60,1502.99,3.3
376,Huawei,V Series Max 19,Reliance Digital,4.9,90,1297.75,4.9
377,Xiaomi,Mate Pro 15,Reliance Digital,5.0,165,1902.71,5.0
378,Nokia,Redmi Note Mini 20,Official Store,4.1,90,1950.48,4.1
379,Realme,iPhone Plus 12,eBay,4.1,120,404.48,4.1
380,Huawei,iPhone Mini 12,Walmart,3.5,165,1988.74,3.5
381,Vivo,Xperia Mini 18,Walmart,3.5,120,1815.96,3.5
382,Xiaomi,Moto G SE 19,Official Store,3.2,90,710.75,3.2
383,Apple,Nord Mini 18,Flipkart,3.1,90,1468.25,3.1
384,Motorola,Nord Plus 15,eBay,4.9,60,609.15,4.9
385,Google,V Series Ultra 24,eBay,4.4,90,753.04,4.4
386,Realme,Xperia SE 18,Flipkart,3.5,165,353.18,3.5
387,Motorola,Mate Pro 17,Best Buy,4.4,165,1023.53,4.4
388,Motorola,Moto G Plus 20,Best Buy,4.6,144,1615.61,4.6
389,Realme,Redmi Note Edge 13,Walmart,3.5,165,1320.22,3.5
390,Motorola,V Series Ultra 15,Official Store,4.8,120,1911.76,4.8
391,OnePlus,Xperia Plus 11,Flipkart,3.2,165,1268.4,3.2
392,Vivo,Mate 5G 23,Amazon,3.1,120,1283.45,3.1
393,Nokia,P Series Mini 18,Official Store,3.3,60,803.49,3.3
394,Samsung,Redmi Note Pro 23,Official Store,3.5,90,519.41,3.5
395,Xiaomi,Mate Max 21,Reliance Digital,3.2,120,1889.04,3.2
396,Huawei,Mate Plus 23,Amazon,3.7,90,184.75,3.7
397,Samsung,Redmi Note Max 16,Walmart,4.1,144,1272.76,4.1
398,Samsung,Mate Edge 14,eBay,3.3,165,1296.86,3.3
399,Xiaomi,Narzo Lite 22,AliExpress,3.9,144,937.0,3.9
400,Apple,P Series Edge 21,Flipkart,4.2,90,770.55,4.2
401,OnePlus,Reno Mini 23,Flipkart,3.7,144,1011.31,3.7
402,Huawei,Pixel SE 19,Walmart,3.1,120,378.65,3.1
403,Apple,Galaxy S 5G 14,Amazon,3.5,60,1137.1,3.5
404,Sony,iPhone SE 11,Flipkart,4.7,90,1399.13,4.7
405,Samsung,Moto G Lite 10,Walmart,3.6,90,1021.12,3.6
406,OnePlus,Pixel Mini 25,Best Buy,3.1,90,746.37,3.1
407,Vivo,Redmi Note Turbo 18,Official Store,5.0,60,1589.47,5.0
408,Vivo,P Series Pro 16,Best Buy,3.3,144,1935.61,3.3
409,Huawei,Nord Turbo 13,eBay,3.0,165,1198.3,3.0
410,Nokia,V Series SE 19,Best Buy,3.7,60,402.64,3.7
411,Huawei,Galaxy S Turbo 23,Amazon,4.5,120,1941.39,4.5
412,Nokia,Moto G Plus 18,Official Store,3.2,60,1431.02,3.2
413,Realme,iPhone Plus 21,Flipkart,3.4,120,810.49,3.4
414,Realme,Redmi Note Lite 19,Reliance Digital,4.0,60,1140.69,4.0
415,OnePlus,Mate Mini 18,Walmart,4.8,144,970.49,4.8
416,Apple,Reno Turbo 10,Official Store,4.2,120,857.38,4.2
417,Samsung,Pixel 5G 23,Reliance Digital,3.4,144,322.9,3.4
418,Motorola,Moto G SE 21,Reliance Digital,3.9,165,1725.1,3.9
419,Xiaomi,Narzo Turbo 10,Best Buy,3.2,165,801.28,3.2
420,Samsung,Moto G 5G 13,eBay,5.0,90,1450.33,5.0
421,Vivo,Narzo SE 16,Best Buy,3.1,90,287.56,3.1
422,Vivo,Moto G Ultra 12,Best Buy,3.1,165,181.13,3.1
423,Xiaomi,Redmi Note 5G 10,Amazon,4.5,90,176.78,4.5
424,OnePlus,Nord Lite 25,Flipkart,3.6,144,543.56,3.6
425,Sony,V Series Ultra 24,Reliance Digital,4.7,120,577.71,4.7
426,Sony,Nord Lite 21,Flipkart,3.6,144,517.33,3.6
427,OnePlus,Pixel Lite 21,Flipkart,3.5,90,779.91,3.5
428,Oppo,Xperia Edge 11,Best Buy,4.8,60,331.8,4.8
429,OnePlus,Pixel Turbo 23,AliExpress,3.2,144,1189.53,3.2
430,Google,Pixel Lite 14,Flipkart,3.6,120,1917.96,3.6
431,Realme,Xperia SE 24,Amazon,4.2,165,650.78,4.2
432,Vivo,Galaxy S SE 10,Official Store,4.6,165,1931.39,4.6
433,Motorola,Moto G Ultra 18,eBay,3.6,144,702.06,3.6
434,Vivo,Narzo Edge 13,Flipkart,4.5,165,788.15,4.5
435,Apple,Mate Turbo 11,eBay,4.6,90,356.29,4.6
436,Google,Xperia Turbo 23,Amazon,3.3,90,165.46,3.3
437,Vivo,Mate Ultra 23,Flipkart,3.0,144,632.89,3.0
438,Xiaomi,Redmi Note Ultra 20,Official Store,4.4,165,401.39,4.4
439,Vivo,Moto G Pro 24,Reliance Digital,3.1,120,577.49,3.1
440,Realme,Reno Mini 19,AliExpress,4.8,90,1793.14,4.8
441,Google,Pixel SE 20,Amazon,3.3,144,1335.12,3.3
442,Apple,V Series Ultra 14,AliExpress,4.8,90,845.83,4.8
443,Oppo,Moto G Pro 12,Flipkart,4.3,165,1136.31,4.3
444,Google,Reno Ultra 16,Walmart,3.7,90,809.11,3.7
445,Google,iPhone Lite 16,Walmart,3.6,144,852.46,3.6
446,Realme,Narzo SE 14,AliExpress,3.9,90,456.03,3.9
447,Oppo,Narzo Max 19,AliExpress,4.9,120,828.8,4.9
448,Vivo,Xperia Plus 14,Official Store,4.4,90,846.35,4.4
449,Oppo,Redmi Note Pro 11,Amazon,4.3,90,1363.82,4.3
450,Realme,Mate Max 20,Walmart,3.5,144,904.86,3.5
451,Huawei,Xperia Max 24,Best Buy,3.6,120,335.46,3.6
452,Huawei,Galaxy S Pro 20,eBay,4.0,120,201.04,4.0
453,Realme,iPhone Mini 21,Official Store,3.8,144,710.95,3.8
454,Google,Narzo Plus 25,Walmart,4.4,60,700.18,4.4
455,Apple,Galaxy S Edge 24,AliExpress,3.7,165,1483.68,3.7
456,Sony,Galaxy S Mini 16,Flipkart,4.2,165,434.11,4.2
457,Samsung,Pixel Edge 20,AliExpress,3.9,90,401.91,3.9
458,Xiaomi,Xperia Lite 19,Official Store,3.2,90,1458.13,3.2
459,Vivo,Reno Lite 21,eBay,4.5,120,1036.08,4.5
460,Google,Moto G Ultra 19,Amazon,4.2,165,1514.24,4.2
461,Apple,V Series Lite 11,AliExpress,3.4,120,977.0,3.4
462,Motorola,Moto G SE 11,Walmart,3.7,165,286.12,3.7
463,Sony,Mate Pro 25,AliExpress,4.6,144,551.96,4.6
464,Google,Moto G Mini 23,Walmart,4.4,90,1002.6,4.4
465,Google,Xperia Turbo 19,eBay,4.7,90,792.07,4.7
466,Nokia,Galaxy S Lite 14,Flipkart,4.5,60,1823.49,4.5
467,Apple,Narzo 5G 19,AliExpress,4.5,144,1455.83,4.5
468,Realme,Redmi Note 5G 21,Flipkart,4.6,144,1411.81,4.6
469,Samsung,Moto G Pro 15,Best Buy,3.4,144,1737.2,3.4
470,Google,Redmi Note Pro 23,Flipkart,4.2,165,1419.98,4.2
471,Apple,Xperia 5G 22,Best Buy,3.6,144,1661.09,3.6
472,Google,V Series Pro 10,AliExpress,4.5,60,1141.69,4.5
473,Realme,Moto G Lite 15,Best Buy,3.6,120,217.64,3.6
474,Xiaomi,V Series SE 12,Walmart,4.6,90,1238.29,4.6
475,Google,Nord Lite 15,Flipkart,3.9,165,1099.54,3.9
476,Oppo,Narzo Ultra 11,AliExpress,4.0,90,1959.39,4.0
477,OnePlus,Xperia Ultra 14,Flipkart,3.3,165,701.99,3.3
478,Sony,P Series Turbo 20,Flipkart,3.7,60,550.91,3.7
479,Realme,P Series Plus 24,Best Buy,3.0,60,1795.41,3.0
480,Xiaomi,V Series Mini 20,Best Buy,3.7,144,1408.0,3.7
481,Google,iPhone 5G 23,AliExpress,4.4,60,1152.15,4.4
482,Apple,Redmi Note Mini 25,Amazon,4.6,144,644.62,4.6
483,Motorola,Narzo Pro 14,Best Buy,4.2,165,607.24,4.2
484,Vivo,Narzo Mini 17,Walmart,3.5,90,1646.37,3.5
485,Samsung,iPhone SE 22,AliExpress,3.0,120,1646.6,3.0
486,Apple,Nord Plus 25,Best Buy,3.4,144,1614.63,3.4
487,Oppo,Mate Ultra 16,Flipkart,3.6,144,679.77,3.6
488,OnePlus,Pixel SE 17,Official Store,4.8,60,1028.43,4.8
489,Motorola,Nord Turbo 21,Official Store,4.6,120,263.73,4.6
490,OnePlus,Narzo Ultra 18,Walmart,4.9,120,1455.6,4.9
491,Samsung,iPhone Turbo 11,Flipkart,4.7,165,347.52,4.7
492,Motorola,Redmi Note Turbo 19,Flipkart,4.0,120,1233.87,4.0
493,Huawei,Reno Lite 11,Walmart,4.6,60,1586.71,4.6
494,Motorola,Mate Plus 16,Amazon,4.6,165,1614.06,4.6
495,Realme,Pixel Max 20,AliExpress,3.7,60,1399.56,3.7
496,Vivo,Pixel Pro 25,eBay,3.9,120,1709.87,3.9
497,Xiaomi,Nord Pro 12,Flipkart,3.8,144,745.4,3.8
498,Apple,Redmi Note Edge 22,AliExpress,4.5,60,1757.81,4.5
499,Realme,Galaxy S Turbo 15,Amazon,4.6,90,1307.69,4.6
500,Samsung,Moto G Plus 14,Flipkart,4.9,120,1627.5,4.9
501,Huawei,Redmi Note SE 17,Reliance Digital,4.9,120,836.2,4.9
502,Nokia,V Series Pro 20,eBay,4.3,165,1067.38,4.3
503,Google,Nord Ultra 14,Official Store,4.3,165,371.08,4.3
504,Apple,iPhone SE 11,Amazon,3.5,144,354.89,3.5
505,Xiaomi,Redmi Note Lite 21,eBay,3.4,90,1802.47,3.4
506,Samsung,P Series Edge 15,Flipkart,4.5,165,238.34,4.5
507,Nokia,Galaxy S Lite 12,Amazon,3.8,144,1109.04,3.8
508,Oppo,P Series 5G 13,Official Store,3.0,90,151.96,3.0
509,Xiaomi,Galaxy S 5G 19,Amazon,4.8,144,1229.73,4.8
510,Google,iPhone 5G 11,Reliance Digital,3.5,144,1000.88,3.5
511,Google,V Series Plus 23,Official Store,5.0,165,629.24,5.0
512,Oppo,Narzo SE 24,Reliance Digital,4.9,165,1169.31,4.9
513,Realme,Pixel Ultra 18,Official Store,4.3,90,1119.47,4.3
514,Apple,Redmi Note SE 19,Best Buy,3.6,144,1674.29,3.6
515,Sony,Moto G Turbo 17,eBay,3.7,120,1087.2,3.7
516,Nokia,Redmi Note Mini 25,Best Buy,4.4,144,1371.37,4.4
517,Nokia,P Series Pro 12,Reliance Digital,3.8,165,493.12,3.8
518,Xiaomi,Narzo Pro 16,AliExpress,5.0,144,1357.0,5.0
519,Google,V Series Turbo 10,Reliance Digital,5.0,165,1909.94,5.0
520,Sony,Mate Edge 18,Walmart,4.7,144,1257.18,4.7
521,OnePlus,Moto G Lite 17,Amazon,4.8,144,804.06,4.8
522,Vivo,P Series Turbo 18,AliExpress,3.6,144,1203.55,3.6
523,Sony,Nord Edge 21,eBay,3.2,120,1768.79,3.2
524,Oppo,P Series Edge 20,Walmart,4.1,120,635.0,4.1
525,Xiaomi,Galaxy S Turbo 11,eBay,3.4,60,1513.82,3.4
526,Sony,Moto G Pro 23,Flipkart,4.0,90,1849.02,4.0
527,Sony,V Series SE 10,Best Buy,4.9,90,243.96,4.9
528,Nokia,Galaxy S 5G 14,eBay,3.1,144,647.22,3.1
529,Vivo,Redmi Note Pro 25,Best Buy,4.6,165,234.56,4.6
530,Oppo,Mate Mini 14,AliExpress,3.9,120,464.29,3.9
531,Realme,P Series Ultra 11,eBay,4.9,60,491.84,4.9
532,Google,Nord Edge 22,Reliance Digital,3.5,90,481.72,3.5
533,Xiaomi,Moto G Lite 22,eBay,3.5,144,290.59,3.5
534,Huawei,Reno Edge 11,Flipkart,3.8,60,1733.22,3.8
535,Vivo,Moto G Pro 13,Best Buy,4.5,90,1146.99,4.5
536,Motorola,Redmi Note Mini 20,Best Buy,4.7,165,1580.31,4.7
537,Oppo,Redmi Note Turbo 10,eBay,3.1,60,1131.23,3.1
538,OnePlus,iPhone Max 12,Amazon,4.1,90,1072.89,4.1
539,Vivo,Reno SE 11,Reliance Digital,3.1,120,296.48,3.1
540,Nokia,iPhone SE 20,AliExpress,3.1,165,1748.75,3.1
541,Oppo,Nord SE 23,Walmart,3.8,120,716.83,3.8
542,Nokia,Nord Turbo 15,Best Buy,3.2,120,503.31,3.2
543,Nokia,Redmi Note Edge 12,Best Buy,3.2,60,745.83,3.2
544,Xiaomi,Redmi Note SE 18,eBay,3.6,120,1175.08,3.6
545,Oppo,iPhone Lite 25,Walmart,3.0,165,365.43,3.0
546,Oppo,Reno Pro 21,Amazon,3.6,90,892.17,3.6
547,Google,Mate Max 18,Amazon,4.1,165,232.99,4.1
548,Xiaomi,Pixel 5G 12,eBay,3.5,120,1977.02,3.5
549,Samsung,Pixel Pro 16,Best Buy,3.8,60,1681.35,3.8
550,Vivo,P Series SE 19,Best Buy,3.1,144,559.13,3.1
551,OnePlus,Galaxy S Pro 10,Reliance Digital,4.6,120,1421.86,4.6
552,Vivo,Galaxy S SE 23,Best Buy,3.9,120,1077.67,3.9
553,Motorola,Redmi Note Edge 23,AliExpress,3.3,60,1555.13,3.3
554,Motorola,Galaxy S Ultra 16,Reliance Digital,4.2,165,379.61,4.2
555,Huawei,iPhone Turbo 21,Flipkart,4.2,60,1337.47,4.2
556,Sony,Xperia Mini 22,Flipkart,4.3,120,1970.26,4.3
557,Google,Reno Turbo 17,Amazon,3.3,60,920.67,3.3
558,Xiaomi,Mate Edge 25,Official Store,3.2,120,1797.42,3.2
559,Xiaomi,Mate Lite 18,Flipkart,3.6,120,704.93,3.6
560,Motorola,Xperia Edge 15,Flipkart,3.7,60,381.5,3.7
561,Samsung,Narzo Mini 16,Flipkart,4.6,165,1384.21,4.6
562,Apple,Reno Turbo 24,Walmart,3.9,60,1508.64,3.9
563,Google,Narzo 5G 13,Official Store,3.6,144,215.72,3.6
564,Vivo,iPhone Max 13,Reliance Digital,4.1,120,1590.19,4.1
565,Oppo,Redmi Note SE 22,eBay,4.4,60,1472.9,4.4
566,Nokia,Mate Plus 10,Flipkart,3.7,90,1057.01,3.7
567,Realme,Nord SE 16,Official Store,3.6,144,458.55,3.6
568,Xiaomi,Nord Ultra 19,Official Store,4.6,90,405.08,4.6
569,Apple,Redmi Note SE 17,Flipkart,4.3,90,267.05,4.3
570,OnePlus,Xperia Turbo 10,eBay,4.4,60,1535.82,4.4
571,Realme,Nord Max 20,AliExpress,4.9,90,960.77,4.9
572,Sony,Galaxy S Edge 21,Best Buy,5.0,120,1817.73,5.0
573,Google,Xperia Edge 13,Flipkart,3.2,60,1108.39,3.2
574,Samsung,P Series Lite 19,Flipkart,3.0,144,1300.07,3.0
575,Samsung,Mate Mini 24,Official Store,3.5,90,1709.1,3.5
576,Vivo,iPhone Ultra 21,AliExpress,4.8,90,508.12,4.8
577,Oppo,Xperia Max 12,Best Buy,4.3,120,1221.74,4.3
578,Xiaomi,Mate Mini 24,Walmart,4.9,165,298.48,4.9
579,Google,Mate Pro 17,Reliance Digital,3.5,165,244.54,3.5
580,Apple,P Series Lite 18,Reliance Digital,4.4,144,901.42,4.4
581,Google,P Series Max 10,Amazon,3.1,144,1236.64,3.1
582,OnePlus,Pixel Max 18,Walmart,4.6,144,1184.89,4.6
583,Google,V Series Edge 16,Reliance Digital,4.1,90,388.91,4.1
584,Xiaomi,Mate Lite 12,eBay,3.3,144,402.46,3.3
585,Xiaomi,Reno 5G 12,Walmart,3.0,60,730.72,3.0
586,Samsung,Narzo 5G 24,Reliance Digital,3.5,165,1619.29,3.5
587,Vivo,Xperia 5G 24,eBay,3.4,90,1833.07,3.4
588,Realme,Redmi Note Turbo 17,Amazon,3.4,120,285.72,3.4
589,Sony,iPhone 5G 25,eBay,4.1,60,1323.57,4.1
590,Nokia,Pixel Edge 17,Flipkart,5.0,144,819.39,5.0
591,Motorola,Reno 5G 19,Amazon,4.8,60,1173.94,4.8
592,Sony,Pixel Mini 11,Official Store,3.3,144,1309.95,3.3
593,Samsung,P Series SE 21,Walmart,5.0,144,953.18,5.0
594,Xiaomi,Narzo Max 22,Flipkart,3.8,90,440.11,3.8
595,Xiaomi,Moto G Turbo 25,Walmart,5.0,165,1682.7,5.0
596,Apple,Nord Ultra 24,Walmart,4.5,60,1046.15,4.5
597,Google,Mate Edge 18,Walmart,4.3,120,392.67,4.3
598,Xiaomi,P Series 5G 12,Walmart,3.7,60,664.9,3.7
599,Apple,Narzo Max 19,Walmart,4.4,60,1965.74,4.4
600,Samsung,Mate Edge 20,eBay,4.4,120,496.51,4.4
601,Samsung,P Series 5G 12,Walmart,4.5,144,1874.75,4.5
602,Samsung,Mate Edge 25,Official Store,3.2,60,389.26,3.2
603,Sony,Galaxy S Plus 19,Reliance Digital,3.5,120,1961.13,3.5
604,Motorola,Galaxy S Turbo 12,eBay,4.3,144,1721.88,4.3
605,OnePlus,Moto G Pro 22,Amazon,3.2,60,656.91,3.2
606,Oppo,Mate Turbo 24,Amazon,4.7,90,1513.9,4.7
607,Huawei,Redmi Note Lite 10,Reliance Digital,4.8,60,1127.82,4.8
608,Google,Galaxy S Turbo 17,Official Store,4.8,165,849.58,4.8
609,Samsung,Narzo Ultra 24,Reliance Digital,5.0,60,900.68,5.0
610,Vivo,Reno SE 10,Reliance Digital,5.0,165,1072.0,5.0
611,Vivo,P Series Turbo 23,eBay,3.2,120,1302.97,3.2
612,Vivo,Nord Turbo 24,AliExpress,3.6,165,1064.33,3.6
613,Realme,Moto G Turbo 11,Walmart,4.8,120,1034.38,4.8
614,Oppo,Moto G Edge 10,AliExpress,3.2,144,1018.64,3.2
615,Motorola,iPhone Pro 16,AliExpress,3.1,120,1161.03,3.1
616,Motorola,Xperia 5G 16,Official Store,4.9,144,312.82,4.9
617,Vivo,iPhone Pro 25,Best Buy,4.8,144,1655.2,4.8
618,Nokia,Reno Mini 24,Official Store,3.9,90,1597.34,3.9
619,Huawei,Redmi Note Mini 19,Reliance Digital,3.5,144,265.64,3.5
620,Oppo,Reno Mini 20,Official Store,4.1,144,841.27,4.1
621,OnePlus,Reno 5G 15,Official Store,4.9,60,1912.58,4.9
622,Vivo,Reno 5G 17,Best Buy,4.5,120,1731.46,4.5
623,Sony,Nord 5G 21,AliExpress,4.1,60,1405.64,4.1
624,Vivo,V Series Ultra 12,Walmart,3.8,90,475.78,3.8
625,Apple,V Series Mini 14,Flipkart,4.2,144,1595.13,4.2
626,Google,Xperia Lite 12,Official Store,3.6,144,1011.01,3.6
627,Nokia,Moto G Plus 17,eBay,3.4,165,1674.24,3.4
628,Vivo,Galaxy S Turbo 13,Reliance Digital,4.4,144,1048.72,4.4
629,Apple,Pixel Pro 25,AliExpress,4.7,165,485.67,4.7
630,Apple,Nord Ultra 24,eBay,3.7,120,1400.23,3.7
631,Nokia,Nord Pro 19,Amazon,3.5,60,1010.31,3.5
632,Vivo,V Series Mini 14,Best Buy,3.8,165,584.04,3.8
633,OnePlus,Reno Ultra 11,AliExpress,4.1,120,1364.71,4.1
634,Nokia,Galaxy S Plus 13,Reliance Digital,4.5,120,1325.69,4.5
635,Google,Reno Edge 14,Official Store,4.0,90,1293.78,4.0
636,Motorola,Redmi Note Ultra 24,Official Store,3.3,60,1165.19,3.3
637,Google,Galaxy S Ultra 14,Reliance Digital,4.9,120,1968.58,4.9
638,Samsung,Narzo Plus 22,AliExpress,3.4,60,447.03,3.4
639,OnePlus,Xperia Max 11,Official Store,4.8,120,1601.43,4.8
640,Nokia,Pixel Edge 16,AliExpress,4.0,165,815.38,4.0
641,Realme,Mate Ultra 10,Best Buy,5.0,60,1603.62,5.0
642,Vivo,Narzo Lite 21,eBay,4.1,120,388.3,4.1
643,Oppo,Moto G Mini 11,Amazon,3.0,60,1062.5,3.0
644,Apple,V Series Max 25,Amazon,3.2,90,844.82,3.2
645,Huawei,Mate Edge 24,Best Buy,4.7,90,1779.05,4.7
646,Motorola,Xperia SE 14,eBay,4.3,165,739.52,4.3
647,Oppo,Mate Pro 25,Amazon,3.3,90,1845.14,3.3
648,Samsung,Nord Ultra 11,AliExpress,4.4,90,618.37,4.4
649,Google,Pixel SE 16,Flipkart,4.0,144,1443.26,4.0
650,OnePlus,Pixel Max 13,Reliance Digital,3.5,60,1403.34,3.5
651,OnePlus,Reno Lite 12,AliExpress,5.0,120,1256.17,5.0
652,Xiaomi,Nord Edge 22,Flipkart,4.5,90,1866.75,4.5
653,Apple,Moto G Edge 10,Walmart,4.8,120,875.75,4.8
654,Realme,Reno Pro 21,Walmart,4.4,60,929.26,4.4
655,Motorola,Mate Turbo 17,Amazon,3.0,120,415.47,3.0
656,Vivo,Galaxy S Turbo 15,AliExpress,4.8,165,1496.29,4.8
657,Realme,Reno Lite 14,AliExpress,3.8,144,1933.26,3.8
658,Realme,Pixel Max 12,eBay,4.2,165,1927.77,4.2
659,Samsung,Reno Ultra 11,Walmart,4.9,90,494.79,4.9
660,Samsung,iPhone Mini 14,Amazon,4.3,144,714.99,4.3
661,Motorola,Xperia Lite 13,Walmart,4.7,165,424.18,4.7
662,OnePlus,Mate Edge 19,eBay,4.5,144,1867.75,4.5
663,Samsung,V Series Max 21,Flipkart,4.2,120,914.78,4.2
664,Oppo,Redmi Note Lite 22,Best Buy,3.6,120,877.32,3.6
665,Nokia,Mate Max 19,eBay,4.3,144,1323.01,4.3
666,Xiaomi,Moto G Mini 11,Walmart,4.8,90,1422.89,4.8
667,Xiaomi,Moto G Turbo 23,Reliance Digital,4.7,165,995.04,4.7
668,OnePlus,Galaxy S Ultra 16,eBay,4.4,60,1785.28,4.4
669,Huawei,Nord 5G 14,Amazon,4.0,144,1913.92,4.0
670,Huawei,Narzo Lite 18,Reliance Digital,3.2,90,1526.54,3.2
671,Samsung,Redmi Note 5G 10,Official Store,3.3,165,459.1,3.3
672,Motorola,P Series Ultra 11,Amazon,3.5,165,1110.61,3.5
673,Motorola,Moto G Turbo 22,Official Store,4.0,60,1303.22,4.0
674,Apple,Redmi Note Edge 18,Walmart,4.2,165,1237.78,4.2
675,Samsung,V Series Max 10,Flipkart,4.0,144,1206.64,4.0
676,Sony,iPhone SE 10,Reliance Digital,4.1,60,1451.89,4.1
677,Nokia,Nord Plus 19,Walmart,3.4,90,578.41,3.4
678,Realme,Galaxy S Turbo 19,Official Store,3.8,60,1297.1,3.8
679,Oppo,Redmi Note Turbo 13,AliExpress,5.0,60,1065.46,5.0
680,Realme,Nord Turbo 23,Official Store,4.5,90,1605.29,4.5
681,Apple,Moto G Plus 22,Flipkart,4.3,60,1350.41,4.3
682,Motorola,Reno Mini 12,Best Buy,4.6,90,1277.26,4.6
683,Apple,Reno Mini 22,Flipkart,3.6,144,1514.37,3.6
684,Samsung,Narzo Max 24,eBay,4.0,90,402.77,4.0
685,OnePlus,Moto G Pro 12,Walmart,3.3,144,1263.14,3.3
686,Google,iPhone Plus 19,eBay,4.9,90,1774.12,4.9
687,Google,Reno Plus 11,Amazon,4.2,90,1689.52,4.2
688,OnePlus,Galaxy S Plus 25,Reliance Digital,4.5,90,325.96,4.5
689,OnePlus,Reno Turbo 21,Amazon,3.4,120,433.4,3.4
690,OnePlus,V Series Turbo 16,Reliance Digital,5.0,165,1849.93,5.0
691,Apple,Reno Ultra 17,Official Store,3.7,144,893.26,3.7
692,Apple,iPhone SE 23,Best Buy,3.1,120,1406.19,3.1
693,Samsung,Mate Lite 15,Flipkart,4.8,60,953.49,4.8
694,Apple,Mate Pro 12,eBay,4.2,120,1770.39,4.2
695,Nokia,Redmi Note 5G 10,Amazon,4.3,144,174.57,4.3
696,Vivo,Xperia SE 16,AliExpress,4.2,165,1036.18,4.2
697,Oppo,Xperia Turbo 13,Reliance Digital,4.3,165,1390.15,4.3
698,Huawei,Xperia Ultra 21,Reliance Digital,3.4,120,1732.43,3.4
699,Oppo,P Series Plus 21,Best Buy,3.9,165,344.33,3.9
700,Vivo,P Series Mini 14,AliExpress,3.8,120,1936.79,3.8
701,Realme,P Series Pro 18,Walmart,4.0,144,1060.91,4.0
702,Nokia,Nord Plus 25,Best Buy,4.4,60,953.06,4.4
703,Apple,Reno Pro 15,AliExpress,4.2,165,545.11,4.2
704,Apple,Galaxy S Plus 22,AliExpress,4.8,120,1039.9,4.8
705,Samsung,Reno 5G 23,Reliance Digital,4.5,90,597.18,4.5
706,Realme,Narzo Lite 22,Reliance Digital,3.7,90,1190.16,3.7
707,Motorola,Pixel Turbo 18,Flipkart,5.0,90,708.73,5.0
708,Oppo,Moto G Ultra 17,Amazon,4.4,60,1738.2,4.4
709,Google,P Series 5G 19,Best Buy,4.3,144,1622.98,4.3
710,Apple,Moto G 5G 20,Reliance Digital,3.7,144,829.54,3.7
711,Realme,Nord SE 10,Flipkart,3.0,90,1436.38,3.0
712,Sony,P Series Ultra 11,Amazon,3.5,120,1763.02,3.5
713,Huawei,Mate 5G 20,Flipkart,4.4,60,1725.87,4.4
714,Sony,Redmi Note Mini 12,Reliance Digital,3.9,90,589.62,3.9
715,Motorola,V Series Edge 15,eBay,3.6,144,1901.51,3.6
716,Sony,Mate SE 10,Flipkart,3.1,60,1316.52,3.1
717,OnePlus,iPhone Turbo 25,Official Store,3.3,144,504.23,3.3
718,Oppo,iPhone Max 12,eBay,3.7,165,1636.62,3.7
719,Google,Narzo Turbo 17,Amazon,4.7,90,1957.53,4.7
720,Google,Redmi Note Ultra 12,eBay,3.3,60,952.37,3.3
721,Apple,Xperia 5G 18,eBay,4.9,120,1810.26,4.9
722,Xiaomi,P Series SE 11,Reliance Digital,3.5,144,1872.41,3.5
723,Sony,Redmi Note Mini 16,AliExpress,4.2,60,734.27,4.2
724,Apple,Mate 5G 10,Best Buy,4.1,165,188.03,4.1
725,Nokia,Narzo Lite 25,Walmart,3.0,90,1982.39,3.0
726,Realme,V Series Pro 12,eBay,3.8,165,920.8,3.8
727,Nokia,P Series Mini 14,Best Buy,3.8,90,1503.66,3.8
728,Apple,iPhone Lite 22,Walmart,3.6,120,762.57,3.6
729,Realme,Galaxy S Lite 15,AliExpress,4.4,165,1732.97,4.4
730,Samsung,Xperia Pro 22,Official Store,4.9,144,336.37,4.9
731,Sony,P Series Mini 18,Walmart,3.1,165,809.81,3.1
732,Xiaomi,Xperia Turbo 16,eBay,3.5,120,926.6,3.5
733,Vivo,Redmi Note Edge 24,Reliance Digital,4.7,60,766.31,4.7
734,Google,P Series Turbo 20,Flipkart,4.0,90,1713.94,4.0
735,Xiaomi,iPhone Pro 10,Flipkart,4.6,120,1192.5,4.6
736,Samsung,P Series Mini 20,Official Store,4.5,60,1534.03,4.5
737,Xiaomi,V Series Pro 13,Reliance Digital,4.5,165,1939.85,4.5
738,Motorola,Narzo Pro 22,Best Buy,3.3,90,871.19,3.3
739,Samsung,Reno Mini 24,Reliance Digital,4.6,120,1391.89,4.6
740,Sony,Narzo Ultra 13,Reliance Digital,4.7,90,1258.39,4.7
741,Huawei,Galaxy S SE 16,Flipkart,3.4,144,1695.56,3.4
742,Apple,Mate Plus 19,Official Store,4.0,120,1507.87,4.0
743,Oppo,Nord Lite 21,Reliance Digital,4.1,165,1103.67,4.1
744,Realme,Mate Turbo 24,Official Store,3.8,120,628.52,3.8
745,Apple,Pixel Lite 18,Reliance Digital,3.4,144,1165.97,3.4
746,Oppo,V Series SE 21,Walmart,3.3,60,1231.12,3.3
747,OnePlus,Narzo Lite 25,AliExpress,3.9,165,830.44,3.9
748,Samsung,P Series Plus 16,Amazon,4.6,120,1788.78,4.6
749,OnePlus,Mate Lite 12,eBay,4.7,90,1577.18,4.7
750,Oppo,Redmi Note Pro 11,Amazon,4.7,90,1621.09,4.7
751,Oppo,V Series Edge 16,eBay,3.2,90,1549.49,3.2
752,Sony,Galaxy S Plus 22,eBay,4.0,60,349.65,4.0
753,Nokia,Nord 5G 24,Reliance Digital,4.2,120,495.36,4.2
754,Huawei,Reno 5G 25,eBay,4.0,60,1439.93,4.0
755,Apple,Xperia Max 10,Reliance Digital,3.5,90,241.14,3.5
756,Apple,Xperia Max 13,Walmart,3.6,144,584.32,3.6
757,Nokia,Nord Max 11,Amazon,4.3,90,793.75,4.3
758,Google,P Series 5G 17,Best Buy,3.8,90,772.97,3.8
759,Samsung,P Series Ultra 10,Amazon,4.3,165,481.83,4.3
760,Vivo,Nord Ultra 25,Walmart,4.1,120,1624.29,4.1
761,Nokia,Xperia Edge 17,AliExpress,4.3,60,695.28,4.3
762,Google,Pixel 5G 12,Walmart,3.2,120,688.55,3.2
763,Samsung,Moto G Max 17,Reliance Digital,4.2,120,1373.73,4.2
764,OnePlus,Mate Ultra 10,AliExpress,4.5,60,1365.95,4.5
765,Samsung,Galaxy S SE 24,Amazon,3.3,144,419.55,3.3
766,Sony,Galaxy S SE 23,AliExpress,3.7,120,1971.9,3.7
767,Sony,Redmi Note Pro 10,Reliance Digital,3.9,144,997.71,3.9
768,Xiaomi,Mate Ultra 12,eBay,4.4,144,1880.83,4.4
769,Huawei,V Series Edge 12,Best Buy,4.4,165,802.71,4.4
770,Oppo,P Series 5G 21,Walmart,4.3,120,944.65,4.3
771,Oppo,Reno Lite 16,Reliance Digital,4.1,165,1946.69,4.1
772,Huawei,Galaxy S Plus 15,Reliance Digital,4.7,60,349.86,4.7
773,Vivo,Mate Turbo 20,eBay,3.2,165,1532.89,3.2
774,Huawei,Mate Pro 12,Flipkart,3.6,165,1598.76,3.6
775,Samsung,Redmi Note Edge 17,Official Store,4.1,165,260.04,4.1
776,Samsung,Galaxy S Turbo 13,AliExpress,3.4,90,1078.11,3.4
777,Samsung,V Series 5G 24,eBay,3.1,144,1991.84,3.1
778,Vivo,Redmi Note 5G 12,Best Buy,3.4,165,846.0,3.4
779,Oppo,Mate Pro 18,Flipkart,3.9,60,187.48,3.9
780,Oppo,iPhone Edge 12,eBay,4.4,144,1043.43,4.4
781,Nokia,Moto G 5G 18,AliExpress,4.2,120,765.36,4.2
782,Samsung,P Series 5G 25,Official Store,3.3,165,1669.36,3.3
783,Apple,Galaxy S Mini 16,eBay,4.2,90,1409.14,4.2
784,Sony,P Series Edge 21,Amazon,3.3,60,1641.19,3.3
785,Xiaomi,Reno Ultra 23,Best Buy,4.5,60,1761.08,4.5
786,Oppo,Mate Lite 25,Flipkart,4.5,144,1324.09,4.5
787,Sony,Moto G Max 10,eBay,4.5,144,200.39,4.5
788,Xiaomi,Moto G Plus 21,Walmart,4.7,120,1289.31,4.7
789,Motorola,Xperia Max 16,Amazon,3.0,144,278.27,3.0
790,Google,Reno Plus 20,Reliance Digital,3.5,90,1001.59,3.5
791,Sony,Mate 5G 23,Walmart,4.9,60,1558.52,4.9
792,Huawei,Redmi Note Lite 10,Reliance Digital,3.9,165,863.05,3.9
793,Motorola,Mate SE 19,Flipkart,4.1,165,486.42,4.1
794,Huawei,Galaxy S Max 10,Walmart,4.6,120,591.59,4.6
795,OnePlus,P Series Turbo 15,Flipkart,3.1,144,1757.05,3.1
796,Realme,Narzo Mini 21,AliExpress,3.5,165,1341.66,3.5
797,Google,Nord Plus 14,Reliance Digital,3.3,90,1610.01,3.3
798,Realme,Galaxy S SE 21,Amazon,3.5,60,174.22,3.5
799,Sony,Moto G Max 25,Flipkart,3.7,120,1266.08,3.7
800,Sony,Xperia Edge 11,AliExpress,3.9,60,518.46,3.9
801,Apple,Mate Turbo 13,Amazon,3.2,60,544.23,3.2
802,Realme,Moto G Plus 24,AliExpress,3.5,90,1509.0,3.5
803,OnePlus,Redmi Note Turbo 11,AliExpress,3.4,165,580.26,3.4
804,Huawei,V Series Edge 22,AliExpress,3.7,90,415.81,3.7
805,Sony,Moto G 5G 11,Official Store,3.0,60,469.52,3.0
806,Xiaomi,V Series Plus 16,eBay,4.2,60,1901.12,4.2
807,Apple,Narzo Edge 12,Walmart,4.0,144,1814.6,4.0
808,Apple,V Series 5G 11,Flipkart,4.8,60,1153.02,4.8
809,Nokia,Reno Pro 23,Amazon,3.9,90,844.02,3.9
810,Nokia,Pixel Ultra 10,Official Store,3.5,120,501.47,3.5
811,Apple,Moto G Ultra 21,Reliance Digital,3.5,90,854.79,3.5
812,Samsung,Mate Edge 25,AliExpress,4.6,144,1908.87,4.6
813,Vivo,Redmi Note Max 14,Reliance Digital,3.7,144,1561.51,3.7
814,Realme,iPhone Edge 24,Walmart,4.1,90,173.32,4.1
815,Apple,Galaxy S Ultra 22,Flipkart,3.6,144,960.75,3.6
816,Realme,iPhone 5G 13,AliExpress,3.5,90,1719.42,3.5
817,Huawei,Galaxy S Pro 24,Best Buy,4.3,144,1426.12,4.3
818,Huawei,Pixel Plus 23,AliExpress,4.0,144,415.95,4.0
819,Google,Nord Max 23,Best Buy,3.3,60,993.47,3.3
820,Oppo,Moto G Edge 17,Flipkart,3.7,60,374.92,3.7
821,Huawei,Xperia Max 17,Flipkart,3.3,120,1301.75,3.3
822,Motorola,Reno Max 14,Official Store,3.5,144,1421.54,3.5
823,Xiaomi,Mate Edge 25,eBay,3.1,165,987.2,3.1
824,Oppo,Galaxy S Plus 13,Amazon,4.0,90,834.11,4.0
825,Motorola,Pixel Pro 12,Best Buy,3.0,165,760.82,3.0
826,Oppo,Nord Max 22,Amazon,3.9,165,1450.92,3.9
827,Oppo,Galaxy S Mini 13,eBay,4.2,90,1089.99,4.2
828,Sony,Mate Mini 15,eBay,4.8,165,1975.73,4.8
829,Motorola,P Series Max 14,AliExpress,3.3,120,1230.66,3.3
830,Vivo,iPhone Mini 13,Best Buy,4.7,90,652.79,4.7
831,Vivo,iPhone Lite 21,Best Buy,4.7,165,1915.29,4.7
832,Vivo,P Series Pro 22,eBay,4.4,90,1643.09,4.4
833,Xiaomi,Redmi Note Pro 17,Amazon,3.6,60,1597.81,3.6
834,Motorola,Galaxy S Mini 19,Amazon,3.3,165,755.18,3.3
835,Realme,Redmi Note Max 14,Flipkart,3.6,90,959.4,3.6
836,Realme,iPhone Ultra 16,Reliance Digital,4.1,90,837.37,4.1
837,Apple,Nord 5G 23,Flipkart,4.1,120,671.04,4.1
838,Motorola,P Series Plus 18,eBay,3.2,90,1438.46,3.2
839,Realme,Mate Lite 10,Best Buy,4.9,90,178.2,4.9
840,Huawei,Narzo Mini 11,eBay,4.9,120,1025.6,4.9
841,Sony,Nord Pro 12,Amazon,4.6,165,709.92,4.6
842,Oppo,iPhone Max 19,Flipkart,4.1,120,1743.45,4.1
843,Google,Narzo Max 13,Amazon,4.8,165,1767.76,4.8
844,Motorola,Moto G Lite 25,AliExpress,4.5,90,985.32,4.5
845,Huawei,Reno Plus 21,Official Store,3.8,90,1225.83,3.8
846,Sony,V Series SE 10,Official Store,4.5,120,468.21,4.5
847,Xiaomi,V Series Mini 22,Official Store,3.6,90,1043.86,3.6
848,Xiaomi,P Series Edge 25,Best Buy,4.7,120,1956.64,4.7
849,OnePlus,V Series SE 18,Flipkart,4.9,90,1321.01,4.9
850,Huawei,Pixel Lite 19,Best Buy,3.4,144,459.06,3.4
851,Apple,Galaxy S Pro 22,Walmart,4.6,165,263.32,4.6
852,Sony,Moto G SE 10,Walmart,4.8,144,1220.93,4.8
853,Motorola,Redmi Note Pro 10,Flipkart,3.1,90,1609.37,3.1
854,Oppo,Mate Edge 21,Flipkart,3.8,90,239.08,3.8
855,Samsung,Reno Pro 10,Flipkart,4.2,60,1318.04,4.2
856,OnePlus,V Series Pro 10,eBay,3.3,165,379.67,3.3
857,Samsung,Moto G Max 14,AliExpress,4.6,90,1235.93,4.6
858,Sony,Pixel Lite 17,Amazon,4.7,90,1614.47,4.7
859,Motorola,Moto G Pro 15,eBay,5.0,60,773.87,5.0
860,Vivo,Moto G Lite 24,Reliance Digital,4.0,144,814.75,4.0
861,Realme,Moto G Mini 21,Walmart,4.2,120,1869.14,4.2
862,Google,Narzo SE 14,AliExpress,4.5,165,1770.22,4.5
863,Google,Nord Ultra 20,Walmart,3.3,144,1399.22,3.3
864,Oppo,Mate SE 18,eBay,3.5,120,409.16,3.5
865,Nokia,Mate SE 16,Reliance Digital,4.6,120,1833.93,4.6
866,Apple,Reno SE 24,Walmart,4.8,120,1297.14,4.8
867,Realme,Mate Mini 14,Walmart,3.3,120,1493.66,3.3
868,Vivo,Mate SE 19,Amazon,3.2,120,1051.84,3.2
869,Samsung,Nord Lite 18,Walmart,4.5,144,283.74,4.5
870,Huawei,Galaxy S Ultra 21,Amazon,4.8,60,1006.35,4.8
871,Realme,Pixel Edge 15,Flipkart,3.6,120,1347.92,3.6
872,Google,Narzo Plus 11,Official Store,3.5,90,877.56,3.5
873,Huawei,Moto G Ultra 19,eBay,4.8,60,1659.54,4.8
874,Oppo,Pixel Max 20,Amazon,3.1,60,1845.81,3.1
875,Xiaomi,V Series Turbo 16,Amazon,4.9,60,436.76,4.9
876,Vivo,Moto G Plus 17,eBay,4.1,120,487.33,4.1
877,Vivo,Mate Lite 16,Best Buy,4.4,120,485.93,4.4
878,Realme,Narzo Plus 18,Official Store,4.2,90,1805.65,4.2
879,Vivo,Reno Ultra 19,Official Store,4.2,90,1414.82,4.2
880,OnePlus,Nord Edge 24,Flipkart,3.2,144,1740.97,3.2
881,Huawei,Narzo Max 23,Walmart,4.7,90,1921.07,4.7
882,Huawei,Narzo Lite 11,AliExpress,3.4,144,503.31,3.4
883,Huawei,Mate Pro 12,Walmart,4.5,90,523.97,4.5
884,Google,P Series Pro 16,Amazon,4.1,120,965.53,4.1
885,Realme,Nord Plus 12,AliExpress,4.4,60,908.73,4.4
886,Apple,Redmi Note Max 19,Best Buy,4.1,120,1957.35,4.1
887,Vivo,Mate Turbo 25,AliExpress,3.7,90,630.99,3.7
888,Oppo,Xperia Edge 20,eBay,3.8,165,1619.45,3.8
889,Samsung,Galaxy S 5G 23,Walmart,4.4,120,1029.63,4.4
890,Apple,Pixel Ultra 19,Official Store,3.6,60,1404.49,3.6
891,Xiaomi,Galaxy S Pro 12,Best Buy,3.1,165,988.41,3.1
892,Apple,Pixel Edge 19,eBay,4.7,120,1807.78,4.7
893,Oppo,Moto G Max 18,Reliance Digital,4.3,60,737.91,4.3
894,Huawei,iPhone Turbo 13,Walmart,3.7,60,1481.94,3.7
895,Huawei,Moto G Ultra 20,Reliance Digital,4.5,90,683.62,4.5
896,Google,Xperia Pro 12,Walmart,4.8,90,1238.16,4.8
897,Samsung,Narzo Edge 17,Walmart,4.6,90,1912.89,4.6
898,Motorola,Reno SE 20,AliExpress,4.6,144,519.86,4.6
899,Motorola,Moto G Pro 13,Walmart,4.4,120,1115.84,4.4
900,Apple,Narzo Max 22,eBay,4.2,60,1715.36,4.2
901,Sony,Narzo Plus 16,Walmart,3.9,90,1875.09,3.9
902,Huawei,P Series SE 14,Best Buy,3.1,120,1991.27,3.1
903,Google,Moto G 5G 18,Reliance Digital,3.3,165,1608.35,3.3
904,Nokia,P Series SE 16,Walmart,3.6,90,949.5,3.6
905,Oppo,Moto G Pro 19,AliExpress,3.1,165,1658.08,3.1
906,Google,Moto G SE 18,Reliance Digital,3.8,90,1960.21,3.8
907,Oppo,Pixel 5G 18,AliExpress,3.5,90,315.42,3.5
908,Nokia,Nord Edge 14,AliExpress,4.2,90,250.67,4.2
909,Apple,V Series Mini 19,eBay,4.9,90,1521.12,4.9
910,Xiaomi,Reno 5G 17,AliExpress,3.8,90,1088.18,3.8
911,Xiaomi,Moto G Plus 24,Reliance Digital,4.0,90,576.43,4.0
912,Sony,Narzo Max 25,Reliance Digital,3.5,165,480.99,3.5
913,Oppo,Redmi Note SE 25,Walmart,4.6,165,890.94,4.6
914,Motorola,Galaxy S Plus 13,Walmart,4.3,120,1113.25,4.3
915,Oppo,iPhone Edge 14,Walmart,4.8,144,1231.17,4.8
916,Xiaomi,iPhone Ultra 12,Reliance Digital,4.6,165,1385.19,4.6
917,OnePlus,Mate Turbo 17,AliExpress,4.4,60,1998.26,4.4
918,Motorola,P Series Mini 17,Reliance Digital,3.4,165,1546.35,3.4
919,OnePlus,Nord Turbo 22,Amazon,3.2,120,1990.01,3.2
920,Google,Pixel 5G 23,Amazon,4.4,144,1419.02,4.4
921,Huawei,Pixel Mini 22,Walmart,3.9,90,480.49,3.9
922,Realme,Nord Edge 24,Reliance Digital,5.0,144,259.29,5.0
923,Motorola,Pixel Plus 25,Amazon,4.0,144,1906.67,4.0
924,OnePlus,Redmi Note Plus 21,Official Store,3.2,120,921.28,3.2
925,Motorola,Galaxy S Max 17,Best Buy,3.9,144,815.94,3.9
926,Samsung,Moto G Turbo 16,AliExpress,4.6,120,732.92,4.6
927,OnePlus,P Series Pro 13,Amazon,3.5,90,980.79,3.5
928,OnePlus,Galaxy S 5G 24,Walmart,4.8,165,350.04,4.8
929,Realme,Nord Lite 15,AliExpress,4.8,90,915.77,4.8
930,Nokia,Nord Pro 11,AliExpress,3.1,144,1234.19,3.1
931,Samsung,Pixel Edge 15,Flipkart,3.9,120,1788.33,3.9
932,OnePlus,P Series Lite 19,AliExpress,4.3,144,1646.23,4.3
933,Realme,Galaxy S Turbo 20,Reliance Digital,4.5,120,1381.14,4.5
934,Vivo,P Series Max 23,eBay,5.0,165,521.69,5.0
935,Oppo,Mate Lite 10,eBay,3.7,165,1001.55,3.7
936,OnePlus,Nord Ultra 14,Official Store,3.7,120,1940.83,3.7
937,Realme,Redmi Note Lite 16,Best Buy,4.4,165,686.23,4.4
938,Motorola,Xperia Turbo 18,Reliance Digital,4.3,60,1937.18,4.3
939,Xiaomi,V Series Lite 21,Amazon,3.0,60,1603.44,3.0
940,Samsung,P Series SE 24,Amazon,4.2,144,921.99,4.2
941,Sony,Galaxy S Lite 14,Official Store,4.3,60,426.81,4.3
942,Samsung,Narzo Turbo 21,Official Store,4.8,60,595.77,4.8
943,Google,Redmi Note SE 17,eBay,4.8,90,426.96,4.8
944,Motorola,Mate 5G 15,Amazon,4.1,60,1728.55,4.1
945,Oppo,V Series Mini 22,Flipkart,4.5,60,1943.23,4.5
946,Nokia,Xperia Plus 18,Reliance Digital,4.8,90,1970.42,4.8
947,Vivo,Narzo Plus 14,Best Buy,4.4,165,1277.78,4.4
948,Samsung,Reno SE 18,Amazon,4.7,90,1316.86,4.7
949,Nokia,P Series Pro 14,Flipkart,3.7,120,597.92,3.7
950,Oppo,Moto G Ultra 17,eBay,4.2,144,1721.92,4.2
951,OnePlus,Xperia Mini 11,Best Buy,4.5,165,1969.24,4.5
952,Oppo,Nord Edge 21,Amazon,3.1,144,340.29,3.1
953,Xiaomi,P Series Lite 13,Reliance Digital,3.8,120,739.59,3.8
954,Google,Narzo Edge 14,Walmart,4.4,90,442.15,4.4
955,OnePlus,Narzo Ultra 22,Flipkart,4.3,144,420.0,4.3
956,Samsung,Narzo Mini 17,Walmart,3.8,90,1535.67,3.8
957,Xiaomi,Mate Mini 15,Best Buy,4.5,90,776.96,4.5
958,OnePlus,Xperia Max 22,Best Buy,3.0,90,217.7,3.0
959,OnePlus,Xperia Plus 12,eBay,4.2,120,1173.15,4.2
960,Vivo,iPhone Pro 20,Amazon,3.0,60,1093.89,3.0
961,OnePlus,Galaxy S Edge 23,Flipkart,3.8,60,1181.28,3.8
962,Samsung,Nord Ultra 15,eBay,4.1,165,378.17,4.1
963,Apple,Nord Pro 16,eBay,4.0,90,561.23,4.0
964,Vivo,V Series Edge 25,eBay,3.5,90,1239.98,3.5
965,Samsung,Redmi Note 5G 23,AliExpress,3.8,144,1140.73,3.8
966,Apple,Galaxy S SE 14,AliExpress,3.2,90,1218.1,3.2
967,Nokia,Narzo Pro 12,eBay,4.5,120,1660.96,4.5
968,Xiaomi,Pixel Plus 22,Walmart,4.0,90,826.31,4.0
969,Samsung,Galaxy S Turbo 23,Reliance Digital,3.2,60,997.41,3.2
970,Apple,Narzo Plus 23,Flipkart,4.4,144,567.19,4.4
971,Xiaomi,Galaxy S Edge 15,AliExpress,4.8,144,523.95,4.8
972,OnePlus,Moto G Plus 11,Flipkart,4.1,120,1480.96,4.1
973,Realme,Mate Mini 20,Amazon,3.9,144,1923.53,3.9
974,OnePlus,Nord Ultra 22,Walmart,3.1,165,179.03,3.1
975,Xiaomi,Pixel Mini 20,Walmart,3.7,120,1100.78,3.7
976,Realme,Mate Mini 10,Flipkart,4.9,60,276.08,4.9
977,Google,Galaxy S Lite 20,AliExpress,3.1,144,306.84,3.1
978,Samsung,P Series Lite 10,Official Store,4.7,144,1989.34,4.7
979,Sony,Xperia Mini 11,Best Buy,4.5,144,582.95,4.5
980,Huawei,Xperia 5G 19,Reliance Digital,3.2,120,1360.36,3.2
981,Vivo,Xperia Mini 10,Walmart,3.4,165,1487.68,3.4
982,OnePlus,V Series Mini 25,eBay,3.8,165,694.52,3.8
983,Oppo,Nord SE 23,Flipkart,4.3,60,778.93,4.3
984,Samsung,Reno Max 15,Best Buy,4.1,60,397.05,4.1
985,Huawei,Nord Ultra 20,Flipkart,4.8,165,1796.38,4.8
986,Sony,Nord Pro 17,AliExpress,4.1,165,1385.51,4.1
987,Apple,Mate Pro 10,eBay,3.6,144,1882.34,3.6
988,Xiaomi,Galaxy S Pro 24,Amazon,3.7,90,807.89,3.7
989,Realme,Reno Ultra 12,AliExpress,3.3,144,1951.15,3.3
990,Samsung,Xperia Mini 24,Walmart,4.6,144,1428.59,4.6
991,Samsung,Nord Edge 11,AliExpress,4.8,165,717.35,4.8
992,Xiaomi,iPhone Pro 22,Official Store,3.2,144,697.18,3.2
993,Google,Moto G Edge 19,Walmart,3.4,120,1444.03,3.4
994,Samsung,Pixel Plus 17,eBay,4.8,90,223.82,4.8
995,Sony,V Series Turbo 25,Flipkart,3.4,144,1507.51,3.4
996,Xiaomi,Xperia 5G 10,Best Buy,3.7,144,1940.02,3.7
997,Motorola,Moto G Ultra 16,Official Store,3.3,165,892.08,3.3
998,OnePlus,P Series Ultra 11,AliExpress,4.4,144,702.91,4.4
999,Motorola,Redmi Note 5G 25,Amazon,4.8,60,701.4,4.8
